Korév,Nem,1980,1990,2001,2012,2013,2014,2015,2016,2017,2018,2019,2020,2021,2022,2023,2024,2025
0,férfi,82614,62108,49314,45075,45384,45247,47050,46906,48411,48145,47454,47419,47943,48504,45959,44792,40475
1,férfi,85090,62497,47551,45931,45250,46724,45720,47404,46726,48251,47590,46848,47011,47299,48820,46257,44934
2,férfi,88496,63083,48778,49615,45921,45014,46603,45746,47290,46696,48200,47542,46980,47048,48672,48892,46337
3,férfi,92615,63485,50471,50854,49570,45709,44871,46648,45674,47244,46671,48154,47632,46988,47332,48710,48894
4,férfi,96500,64635,53379,49895,50705,49284,45632,44852,46520,45606,47164,46539,48213,47651,47528,47363,48719
5,férfi,92028,61782,56476,51709,49826,50519,49220,45645,44785,46486,45591,47099,46574,48278,48717,47560,47356
6,férfi,78546,62971,57664,50402,51624,49496,50328,49085,45426,44682,46324,45410,46971,46469,49217,48672,47543
7,férfi,76559,66509,58581,48396,50290,51313,49338,50250,48913,45265,44496,46195,45330,46925,48289,49203,48705
8,férfi,74829,70590,61213,48142,48260,50017,51137,49285,50090,48780,45103,44442,46199,45347,47920,48467,49245
9,férfi,75607,73504,63763,49288,47959,48004,49877,51156,49178,50117,48776,45094,44431,46269,45884,48131,48467
10,férfi,76940,79108,63849,49713,49505,48383,48657,50544,51720,49786,50710,49362,45729,45031,46881,46058,48254
11,férfi,76533,83187,62553,50098,49910,49751,48715,48979,50921,52073,50168,51131,49813,46185,45301,47103,46114
12,férfi,73783,87689,63063,48484,50351,50107,50023,48947,49237,51191,52357,50452,51495,50181,45936,45485,47134
13,férfi,68637,91758,63468,49717,48686,50474,50309,50178,49004,49310,51297,52478,50620,51651,49086,46088,45515
14,férfi,66615,97521,65575,52219,49871,48804,50660,50463,50194,49074,49348,51368,52698,50828,50423,49232,46132
15,férfi,66390,93266,67997,56062,52288,49835,48821,50687,50335,50045,48955,49235,51288,52603,49738,50604,49346
16,férfi,65998,77794,64992,59325,55887,52051,49696,48721,50458,50146,49841,48787,49070,51145,50700,49948,50701
17,férfi,63660,75655,65562,60655,59103,55577,51838,49539,48379,50143,49777,49506,48383,48698,49933,51015,50193
18,férfi,67998,73070,69109,61570,60658,59077,55811,52049,49679,48673,50549,50165,49701,48667,49269,50843,51780
19,férfi,70706,73619,73470,63985,61554,60566,59076,55772,52026,49885,49106,50897,50273,50020,50377,50275,51743
20,férfi,71783,74255,76877,66358,63937,61299,60362,58861,55685,52211,50267,49277,50749,50274,52435,51134,50799
21,férfi,75632,73704,80871,65134,66256,63753,61299,60356,58912,56180,52829,50584,49254,51046,53253,53048,51359
22,férfi,79269,70848,83211,63775,65167,66052,63669,61098,60249,59236,56668,53127,50334,49283,53865,53815,53053
23,férfi,90568,65430,85583,63200,63709,64894,65999,63404,60975,60623,59847,57013,53130,50638,52235,54326,53819
24,férfi,97906,62624,89321,63059,63169,63657,64956,65858,63475,61436,61362,60424,57288,53697,52982,52579,54313
25,férfi,103399,61564,92340,63230,62975,63062,63586,64878,65739,63923,62295,61950,60703,57613,54985,53381,52340
26,férfi,93836,61180,87961,63810,63112,62893,63011,63524,64741,66032,64616,62841,62053,60958,56902,55269,53187
27,férfi,83564,59635,73948,60481,63722,62934,62716,63042,63326,65122,66614,65124,62938,62236,59829,57157,54961
28,férfi,84491,64205,73598,61183,60479,63651,62932,62854,63096,63725,65848,67271,65351,63411,61071,60022,56989
29,férfi,86885,67087,71771,64960,61223,60441,63504,62939,62769,63229,64172,66189,67371,65371,61222,61390,59769
30,férfi,83481,67468,74098,68664,64896,60958,60249,63469,62675,62911,63547,64416,65984,67312,63335,61592,61188
31,férfi,81891,71174,73238,71908,68604,64775,60912,60347,63466,63044,63587,64092,64458,66039,65345,63710,61402
32,férfi,79073,74615,73427,77075,71954,68468,64590,61075,60254,63729,63577,64030,64044,64489,64690,65705,63575
33,férfi,69076,84611,70255,80619,77094,71792,68331,64681,60990,60459,64252,64026,63872,64140,63964,65140,65680
34,férfi,67793,91165,64355,84796,80716,77058,71723,68447,64738,61361,60964,64881,63963,63966,63886,64307,65053
35,férfi,77720,96638,62316,88721,84914,80752,77119,71876,68413,65179,61962,61694,65021,64286,64026,64248,64266
36,férfi,71266,88022,60953,92452,88910,84915,80740,77246,71938,68797,65796,62555,61644,65100,64285,64318,64227
37,férfi,71768,78054,60486,88150,92478,88800,84978,80895,77232,72283,69434,66372,62491,61870,65110,64502,64250
38,férfi,67999,79054,58837,74362,88368,92603,88906,85060,80902,77571,72890,69947,66441,62726,62179,65271,64491
39,férfi,69798,81331,62531,73291,74454,88286,92617,89039,84910,81061,78002,73233,69804,66611,62837,62358,65265
40,férfi,64534,78057,66048,71979,73438,74487,88329,92727,88960,85143,81673,78615,73398,70107,66247,62932,62253
41,férfi,63533,76470,64922,72931,72082,73346,74477,88282,92430,89024,85402,81940,78451,73301,69732,66297,62780
42,férfi,61561,73642,68450,73443,72982,72091,73394,74604,88041,92508,89299,85642,81732,78356,72515,69771,66141
43,férfi,60396,64341,70565,72921,73471,73013,72169,73553,74450,88066,92678,89512,85384,81551,77698,72466,69627
44,férfi,63359,62933,80137,69601,72877,73326,72924,72209,73126,74403,88139,92753,89296,85152,81483,77581,72192
45,férfi,64316,71670,85518,63498,69535,72847,73465,73093,72153,73270,74746,88555,92720,89298,85523,81339,77304
46,férfi,65830,65665,89920,60764,63432,69427,72816,73432,72867,72154,73517,74968,88250,92423,88958,85416,81044
47,férfi,65678,65965,81093,59764,60652,63223,69256,72693,73018,72658,72059,73512,74478,87813,92364,88701,85046
48,férfi,65519,61840,71918,58606,59555,60486,63127,69253,72353,72943,72807,72277,73344,74350,88154,92020,88356
49,férfi,69837,63004,71953,56431,58477,59252,60243,62831,68727,71970,72797,72622,71821,72854,74097,87825,91637
50,férfi,66959,57938,74625,59638,56083,58073,59013,59929,62364,68347,71707,72553,72267,71497,72740,73758,87336
51,férfi,66612,56593,69970,61766,59254,55859,57820,58801,59567,62116,68214,71638,72205,71832,71037,72422,73374
52,férfi,64294,54649,68206,61341,61278,58675,55386,57376,58151,59101,61686,67817,70905,71531,71133,70544,71968
53,férfi,65285,53210,65136,63647,60823,60670,58173,54947,56780,57638,58799,61354,67162,70169,71436,70687,70033
54,férfi,67252,55192,56585,65218,63021,60036,60041,57583,54340,56215,57153,58377,60687,66353,69849,70937,70120
55,férfi,61510,55759,54833,72672,64479,62238,59348,59539,57002,53894,55768,56727,57810,60029,66321,69266,70300
56,férfi,64796,56432,61536,77493,71698,63657,61488,58616,58751,56332,53262,55179,55987,57030,59813,65655,68535
57,férfi,62313,55626,56051,79871,76383,70608,62707,60650,57790,57968,55638,52653,54463,55221,56451,59136,64874
58,férfi,61976,54652,56115,71662,78607,75296,69533,61818,59697,56972,57214,54992,51882,53541,54491,55850,58382
59,férfi,58033,57451,51524,62973,70458,77286,74084,68389,60810,58688,56119,56411,54146,50914,52934,53711,55051
60,férfi,51378,54638,52293,62223,61698,69062,75734,72575,66940,59489,57491,55122,55174,52899,49845,52155,52851
61,férfi,27790,53279,47157,62925,60932,60500,67750,74198,71113,65566,58271,56472,54007,53889,52213,48951,51183
62,férfi,27530,50565,45383,59051,61485,59510,59105,66214,72404,69328,63893,56872,54973,52315,52684,51156,48089
63,férfi,27930,50471,42934,56681,57568,59915,58134,57808,64579,70580,67576,62416,55457,53300,51388,51464,50092
64,férfi,35853,50903,41111,53251,55173,56126,58381,56693,56271,62829,68684,65901,60654,53772,52257,50192,50291
65,férfi,50173,45947,42026,45843,51889,53657,54641,56734,55046,54565,60926,66738,63932,58576,52599,50999,48950
66,férfi,49264,47323,41699,43165,44514,50284,51959,52923,54900,53302,52801,59079,64357,61368,57261,51100,49655
67,férfi,49070,44738,41135,47967,41705,43138,48811,50305,51226,53027,51536,51152,56994,61692,59951,55455,49537
68,férfi,45556,43615,40037,42967,46324,40395,41774,47292,48670,49371,51151,49764,49220,54605,60642,57867,53558
69,férfi,44024,39560,38172,42066,41463,44714,38971,40371,45599,46861,47506,49370,47834,47083,53657,58505,55857
70,férfi,41433,34064,39191,37884,40423,39850,43034,37481,38842,43787,45062,45707,47394,45513,45385,51616,56300
71,férfi,38339,17850,35579,36375,36315,38855,38204,41275,35937,37271,42046,43287,43748,45050,43905,43462,49592
72,férfi,34314,17369,33558,32224,34754,34667,37080,36421,39439,34146,35477,40192,41060,41316,42842,41954,41634
73,férfi,31292,16858,30668,30052,30529,33003,32957,35333,34589,37489,32372,33814,38031,38697,39515,40854,40087
74,férfi,27407,20372,29140,27442,28408,29029,31207,31284,33498,32833,35494,30828,32066,35746,36761,37542,38920
75,férfi,25176,27584,27984,25081,25830,26779,27412,29466,29550,31588,30995,33620,29059,30070,33939,34828,35602
76,férfi,23721,25909,24446,24506,23465,24207,25298,25699,27812,27744,29690,29206,31436,27023,28301,32031,32864
77,férfi,21613,24273,24162,23306,22867,21907,22616,23595,24058,25917,25951,27868,27217,29060,25277,26610,30110
78,férfi,18996,20849,21840,21975,21609,21132,20331,20918,21971,22257,24093,24173,25862,25068,27288,23584,24910
79,férfi,16969,18460,20067,20122,20248,19869,19502,18707,19241,20227,20447,22294,22191,23507,23479,25404,21996
80,férfi,14362,16428,17097,18213,18301,18505,18065,17680,17074,17603,18501,18821,20331,20136,21674,21688,23452
81,férfi,12038,13754,13636,17193,16395,16536,16748,16238,15946,15422,15912,16798,16884,18185,18269,19860,19926
82,férfi,9863,11024,6667,14870,15381,14681,14763,14964,14525,14267,13744,14310,15092,14981,16342,16555,17985
83,férfi,7678,9234,5955,12577,13152,13595,13018,13086,13305,12792,12626,12302,12583,13218,13340,14663,14888
84,férfi,6547,7245,5333,10480,10939,11481,11965,11390,11545,11695,11347,11295,10777,10963,11512,11807,13068
85,férfi,4900,5959,5701,9140,9041,9368,9891,10302,9865,9908,10016,9782,9629,9129,9527,10105,10401
86,férfi,4044,4855,6809,7812,7782,7655,7976,8420,8843,8418,8531,8580,8192,8066,7841,8225,8706
87,férfi,2873,3830,5589,6107,6516,6528,6423,6620,7127,7487,7185,7264,7171,6783,6739,6696,7040
88,férfi,2184,3053,4646,5414,5028,5342,5342,5239,5487,5849,6196,5965,5952,5805,5588,5631,5572
89,férfi,1607,2366,3508,4324,4358,4068,4346,4302,4183,4368,4653,5007,4777,4676,4736,4545,4677
90+,férfi,3850,4945,9579,10848,11609,12198,12624,12815,13340,13577,14000,14611,15670,16209,13109,13590,13947
0,nő,77461,59248,47362,42605,42459,42902,44674,44312,45829,45541,44848,44476,45078,45463,43512,42344,37688
1,nő,80242,59323,45313,43975,42713,43652,43293,45047,44225,45702,45180,44379,44206,44623,45763,43790,42517
2,nő,84341,60093,46620,47064,43957,42585,43607,43279,44931,44209,45617,45183,44423,44223,45989,45866,43867
3,nő,87245,61006,47475,48569,46999,43779,42478,43597,43215,44863,44180,45566,45161,44530,44545,46039,45893
4,nő,91100,61754,50483,47496,48455,46761,43671,42441,43499,43086,44734,44072,45577,45164,45083,44556,46030
5,nő,87176,59318,53711,49244,47424,48278,46760,43683,42332,43431,43038,44744,44099,45535,45992,45091,44551
6,nő,73990,60277,54948,47291,49214,47163,48079,46596,43528,42156,43238,42846,44683,44023,46592,45920,45106
7,nő,71792,62984,56193,45772,47199,48930,47003,47925,46386,43354,42016,43103,42773,44590,45800,46563,45938
8,nő,70764,67732,58271,45680,45669,46938,48790,47042,47876,46288,43230,41963,43082,42789,45655,45963,46587
9,nő,71389,70483,60898,46833,45483,45477,46799,48856,46916,47844,46228,43213,42070,43208,43505,45798,45993
10,nő,71792,75749,61296,46936,47112,46087,46267,47616,49537,47678,48574,47086,44105,42825,43943,43711,45902
11,nő,72427,79138,59588,47290,47200,47417,46415,46650,48022,49973,48131,49045,47592,44606,42592,44106,43752
12,nő,69396,83649,60059,45798,47605,47506,47785,46797,46955,48370,50299,48488,49499,48018,44007,42754,44109
13,nő,64074,86842,60519,47416,45942,47713,47627,47913,46765,46985,48369,50316,48543,49554,46315,44175,42775
14,nő,62592,92526,63563,48783,47596,46075,47912,47785,47884,46760,46936,48403,50421,48660,47797,46490,44222
15,nő,62005,88620,65566,53142,48805,47504,46069,47854,47576,47639,46571,46758,48266,50265,47267,48035,46547
16,nő,61758,73671,63059,56409,52923,48595,47386,45931,47568,47292,47359,46273,46435,47960,48353,47445,48122
17,nő,59895,71506,63596,57963,56148,52664,48409,47148,45579,47236,46927,47033,45860,46055,46832,48556,47618
18,nő,64463,69424,65324,58923,57823,55896,52548,48248,46950,45471,47187,46903,46869,45803,46934,47562,49264
19,nő,67619,70231,69717,60394,58746,57562,55800,52441,48168,47006,45662,47437,46919,47043,48497,47914,48422
20,nő,69596,70125,73046,62741,60208,58458,57371,55570,52313,48350,47334,45900,47360,47126,50547,49114,48410
21,nő,72463,71098,76223,62209,62592,60030,58295,57273,55505,52615,48630,47560,45815,47732,50742,50856,49085
22,nő,75801,67840,79139,60136,62062,62368,59823,58004,57166,55803,52915,48838,47589,46239,51304,50983,50662
23,nő,86788,62483,82419,59595,59956,61691,61936,59307,57575,57159,55925,53031,48731,47646,49165,51473,50844
24,nő,94111,60246,85037,59441,59535,59834,61534,61676,59243,57897,57672,56380,53363,49273,50305,49290,51311
25,nő,98902,59577,88704,60397,59369,59364,59536,61297,61457,59424,58370,58101,56800,53756,50825,50395,48878
26,nő,91020,59417,84985,60703,60270,59153,59002,59228,61087,61637,59820,58695,58316,57035,53155,50811,50052
27,nő,81775,58552,71469,58677,60633,59965,58881,58782,59022,61218,61903,60085,58965,58620,55854,53231,50603
28,nő,83407,62797,71056,59686,58567,60336,59736,58731,58592,59105,61478,62150,60224,59232,57031,55894,53033
29,nő,84272,66276,69313,62341,59591,58337,60084,59623,58504,58689,59219,61706,62213,60373,57198,57108,55670
30,nő,81179,67271,71607,67401,62203,59215,58097,59771,59250,58396,58603,59322,61589,62181,58651,57365,56948
31,nő,80798,70354,70715,70589,67273,62026,59008,57986,59435,59261,58488,58855,59275,61628,60818,58823,57251
32,nő,77257,73398,71767,75396,70512,66993,61792,58836,57670,59488,59361,58690,58699,59235,60586,61026,58684
33,nő,68062,83911,68848,78590,75390,70277,66867,61752,58712,57752,59752,59642,58629,58737,59068,60881,60894
34,nő,67377,90448,63049,82511,78616,75224,70116,66779,61569,58872,57941,60079,59691,58747,59291,59311,60782
35,nő,76800,95517,61366,85825,82593,78566,75103,70081,66686,61699,59092,58216,60108,59899,59741,59501,59212
36,nő,71148,87586,60582,89735,85812,82355,78457,75002,69900,66773,61925,59387,58281,60210,61025,59927,59452
37,nő,73229,79201,60760,85926,89784,85710,82347,78475,74854,70042,67037,62259,59452,58566,61082,61162,59830
38,nő,68844,80476,59652,72685,85987,89698,85595,82380,78355,74929,70310,67313,62299,59685,59285,61185,61036
39,nő,71997,81462,63343,71620,72742,85867,89622,85519,82205,78326,75024,70537,67325,62508,60203,59374,61107
40,nő,67857,78271,67370,70594,71675,72663,85865,89585,85374,82292,78490,75291,70690,67659,62563,60284,59240
41,nő,68458,77948,67333,71677,70587,71536,72562,85750,89239,85349,82379,78527,75234,70686,67331,62627,60161
42,nő,67412,74482,70731,71886,71667,70456,71449,72450,85471,89055,85354,82343,78367,75141,70020,67317,62489
43,nő,67006,65528,73350,72747,71929,71558,70382,71382,72288,85383,89181,85486,82352,78429,74953,70045,67122
44,nő,67868,65003,83907,69691,72564,71626,71297,70173,71049,71983,85313,89158,85329,82224,78364,74940,69886
45,nő,68624,73840,89647,63454,69619,72396,71660,71308,70043,71074,72081,85431,89161,85407,82589,78215,74699
46,nő,69812,68247,93791,61272,63299,69319,72166,71423,70991,69825,71042,72063,85236,88959,85353,82492,78063
47,nő,71141,70402,86022,60585,61099,62993,69076,71904,71152,70780,69694,70910,71868,85062,89283,85179,82233
48,nő,70163,65847,77840,60190,60438,60941,62874,68975,71789,71155,70941,69901,70964,71921,85473,89077,84905
49,nő,74527,68474,78726,58824,59977,60127,60611,62564,68646,71504,71024,70750,69643,70807,72159,85278,88772
50,nő,71610,64472,80254,62826,58580,59629,59857,60260,62239,68335,71307,70851,70525,69455,70684,71973,84896
51,nő,72885,65048,76306,65752,62599,58320,59425,59605,60063,62110,68308,71275,70750,70437,69625,70495,71655
52,nő,70011,63629,75372,66673,65397,62126,57928,58980,59197,59710,61832,68054,70985,70365,70226,69309,70152
53,nő,73706,63196,72044,69387,66308,64965,61712,57572,58652,58931,59580,61578,67826,70729,70589,69963,68997
54,nő,75624,63774,63473,71788,69006,65780,64485,61272,57170,58284,58651,59278,61261,67525,70776,70325,69704
55,nő,69136,64008,62968,81287,71319,68564,65323,64033,60956,56790,58129,58399,59071,61007,67640,70431,70049
56,nő,73265,64894,71178,87188,80678,70714,68054,64863,63678,60584,56593,57871,58208,58834,61287,67311,70059
57,nő,75970,65813,65460,90425,86664,80119,70182,67485,64407,63236,60294,56257,57597,57877,58704,60941,66918
58,nő,74431,64706,67794,82833,89868,85989,79606,69700,67015,64011,62875,59952,55987,57211,57847,58371,60571
59,nő,72543,68202,62957,74464,82198,89069,85278,78806,69023,66344,63405,62383,59483,55466,56963,57491,57941
60,nő,62660,64965,65567,75588,73732,81345,88265,84474,78090,68390,65843,62876,61963,58950,55299,56594,57100
61,nő,34093,66075,61033,75720,74907,73006,80637,87398,83746,77428,67781,65413,62506,61432,58764,54947,56195
62,nő,33543,62753,61004,72242,74875,74054,72269,79692,86421,82707,76573,67041,64691,61704,60672,58217,54486
63,nő,34424,65704,59231,70858,71414,73998,73220,71533,78866,85452,81785,75777,66380,63899,61210,60122,57705
64,nő,45485,66571,58531,67560,70078,70643,73224,72477,70806,77950,84632,81007,75115,65665,63208,60649,59425
65,nő,64934,59928,58375,58958,66689,69164,69723,72279,71554,69790,76865,83555,79957,73974,64715,62567,60034
66,nő,63069,62911,57741,57442,58105,65762,68096,68749,71307,70463,68766,75869,82374,78610,72737,63899,61769
67,nő,64012,64415,58121,64763,56645,57240,64819,67114,67695,70209,69425,67813,74689,80953,77456,71680,62970
68,nő,58766,61802,58343,59047,63753,55705,56419,63724,66107,66580,69051,68373,66740,73300,79961,76234,70569
69,nő,58504,59429,56096,60128,57993,62665,54781,55438,62670,64847,65421,67926,67229,65431,72141,78557,74916
70,nő,56485,50161,58594,55227,58979,56842,61343,53721,54405,61409,63713,64249,66690,65835,63874,70833,77181
71,nő,52543,26812,54254,56043,54128,57795,55725,60105,52726,53321,60235,62476,62921,65119,64253,62627,69383
72,nő,48983,25780,54375,51500,54699,52770,56426,54383,58696,51420,52100,58838,60892,61230,62890,62824,61202
73,nő,45113,25721,50133,50448,50099,53223,51364,54828,52860,57022,49953,50702,57108,58931,59425,61363,61319
74,nő,40328,32795,51052,48123,48953,48774,51922,50030,53557,51493,55543,48784,49371,55466,57264,57844,59731
75,nő,38429,45675,49932,45987,46642,47464,47290,50248,48561,51924,50020,53897,47210,47558,53679,55593,56204
76,nő,36333,42624,43496,44584,44363,45001,45836,45596,48581,46781,50191,48398,51857,45421,45728,52050,53765
77,nő,34352,41428,44229,42796,42805,42737,43354,44128,43968,46860,45049,48531,46557,49684,43404,44056,50231
78,nő,30320,35908,43271,41580,40810,40831,40866,41385,42213,41958,44806,43071,46358,44257,47831,41742,42277
79,nő,28760,33874,39182,40005,39429,38636,38797,38783,39290,40080,39880,42581,40760,43661,42240,45696,39925
80,nő,24926,30248,36130,36916,37637,37155,36441,36561,36635,36973,37842,37760,40131,38291,41340,40149,43507
81,nő,22101,26578,28417,36134,34360,35122,34766,33940,34214,34206,34602,35385,35225,37331,36155,39049,37951
82,nő,19196,22758,14230,31636,33432,31735,32565,32197,31463,31693,31848,32178,32812,32564,34703,33912,36615
83,nő,16120,19299,12719,29398,28774,30678,29137,29780,29644,28758,29026,29358,29370,29813,30194,32207,31496
84,nő,13525,15861,11509,25385,26533,26120,27916,26414,27280,27088,26249,26547,26734,26473,27312,27723,29623
85,nő,11228,13278,13267,23737,22612,23523,23361,24717,23666,24217,24140,23352,23448,23560,24064,24721,25246
86,nő,8955,11449,16686,21116,20843,19825,20793,20450,21933,20853,21423,21318,20430,20424,21094,21547,22181
87,nő,6743,9534,13676,16397,18319,18085,17236,17925,17861,19018,18180,18645,18406,17535,18187,18565,19021
88,nő,5059,7323,11768,14886,13891,15542,15374,14584,15387,15145,16219,15532,15834,15445,15238,15750,16111
89,nő,3721,6130,8789,12930,12510,11681,13082,12803,12306,12925,12648,13664,12898,13195,13346,12985,13548
90+,nő,9648,14737,26371,32795,35578,37808,39009,40395,42313,42958,44011,44793,46524,47251,42822,44095,44991